"EVTYPE","EVTYPE48"
"   HIGH SURF ADVISORY","High Surf"
" COASTAL FLOOD","Coastal Flood"
" FLASH FLOOD","Flash Flood"
" LIGHTNING","Lightning"
" TSTM WIND","Thunderstorm Wind"
" TSTM WIND (G45)","Thunderstorm Wind"
" WATERSPOUT","Waterspout"
" WIND","Strong Wind"
"?","NA"
"ABNORMAL WARMTH","Excessive Heat"
"ABNORMALLY DRY","Heat"
"ABNORMALLY WET","Heavy Rain"
"ACCUMULATED SNOWFALL","Heavy Snow"
"AGRICULTURAL FREEZE","Frost/Freeze"
"APACHE COUNTY","NA"
"ASTRONOMICAL HIGH TIDE","Storm Surge/Tide"
"ASTRONOMICAL LOW TIDE","Astronomical Low Tide"
"AVALANCE","Avalanche"
"AVALANCHE","Avalanche"
"BEACH EROSIN","Coastal Flood"
"Beach Erosion","Coastal Flood"
"BEACH EROSION","Coastal Flood"
"BEACH EROSION/COASTAL FLOOD","Coastal Flood"
"BEACH FLOOD","Coastal Flood"
"BELOW NORMAL PRECIPITATION","Drought"
"BITTER WIND CHILL","Cold/Wind Chill"
"BITTER WIND CHILL TEMPERATURES","Cold/Wind Chill"
"Black Ice","Winter Weather"
"BLACK ICE","Winter Weather"
"BLIZZARD","Blizzard"
"BLIZZARD AND EXTREME WIND CHIL","Blizzard"
"BLIZZARD AND HEAVY SNOW","Blizzard"
"Blizzard Summary","Blizzard"
"BLIZZARD WEATHER","Blizzard"
"BLIZZARD/FREEZING RAIN","Blizzard"
"BLIZZARD/HEAVY SNOW","Blizzard"
"BLIZZARD/HIGH WIND","Blizzard"
"BLIZZARD/WINTER STORM","Blizzard"
"BLOWING DUST","Dust Storm"
"BLOWING SNOW","Winter Storm"
"blowing snow","Winter Storm"
"Blowing Snow","Winter Storm"
"BLOWING SNOW & EXTREME WIND CH","Winter Storm"
"BLOWING SNOW- EXTREME WIND CHI","Winter Storm"
"BLOWING SNOW/EXTREME WIND CHIL","Winter Storm"
"BLOW-OUT TIDE","Storm Surge/Tide"
"BLOW-OUT TIDES","Storm Surge/Tide"
"BREAKUP FLOODING","Flash Flood"
"BRUSH FIRE","Wildfire"
"BRUSH FIRES","Wildfire"
"COASTAL  FLOODING/EROSION","Coastal Flood"
"COASTAL EROSION","Coastal Flood"
"COASTAL FLOOD","Coastal Flood"
"Coastal Flood","Coastal Flood"
"COASTAL FLOODING","Coastal Flood"
"Coastal Flooding","Coastal Flood"
"coastal flooding","Coastal Flood"
"COASTAL FLOODING/EROSION","Coastal Flood"
"COASTAL STORM","Tropical Storm"
"Coastal Storm","Tropical Storm"
"COASTAL SURGE","Coastal Flood"
"COASTAL/TIDAL FLOOD","Coastal Flood"
"COASTALFLOOD","Coastal Flood"
"COASTALSTORM","Tropical Storm"
"COLD","Cold/Wind Chill"
"Cold","Cold/Wind Chill"
"COLD AIR FUNNEL","Funnel Cloud"
"COLD AIR FUNNELS","Funnel Cloud"
"COLD AIR TORNADO","Funnel Cloud"
"Cold and Frost","Cold/Wind Chill"
"COLD AND FROST","Cold/Wind Chill"
"COLD AND SNOW","Cold/Wind Chill"
"COLD AND WET CONDITIONS","Cold/Wind Chill"
"Cold Temperature","Cold/Wind Chill"
"COLD TEMPERATURES","Cold/Wind Chill"
"COLD WAVE","Cold/Wind Chill"
"COLD WEATHER","Cold/Wind Chill"
"COLD WIND CHILL TEMPERATURES","Cold/Wind Chill"
"COLD/WIND CHILL","Cold/Wind Chill"
"COLD/WINDS","Cold/Wind Chill"
"COOL AND WET","Winter Weather"
"COOL SPELL","Winter Weather"
"CSTL FLOODING/EROSION","Coastal Flood"
"DAM BREAK","Flash Flood"
"DAM FAILURE","Flash Flood"
"DAMAGING FREEZE","Frost/Freeze"
"Damaging Freeze","Frost/Freeze"
"DEEP HAIL","Hail"
"DENSE FOG","Dense Fog"
"DENSE SMOKE","Dense Smoke"
"DOWNBURST","Thunderstorm Wind"
"DOWNBURST WINDS","Thunderstorm Wind"
"DRIEST MONTH","NA"
"Drifting Snow","Winter Weather"
"DROUGHT","Drought"
"DROUGHT/EXCESSIVE HEAT","Drought"
"DROWNING","NA"
"DRY","Heat"
"DRY CONDITIONS","Heat"
"DRY HOT WEATHER","Heat"
"DRY MICROBURST","Thunderstorm Wind"
"DRY MICROBURST 50","Thunderstorm Wind"
"DRY MICROBURST 53","Thunderstorm Wind"
"DRY MICROBURST 58","Thunderstorm Wind"
"DRY MICROBURST 61","Thunderstorm Wind"
"DRY MICROBURST 84","Thunderstorm Wind"
"DRY MICROBURST WINDS","Thunderstorm Wind"
"DRY MIRCOBURST WINDS","Thunderstorm Wind"
"DRY PATTERN","Heat"
"DRY SPELL","Heat"
"DRY WEATHER","Heat"
"DRYNESS","Heat"
"DUST DEVEL","Dust Devil"
"DUST DEVIL","Dust Devil"
"Dust Devil","Dust Devil"
"DUST DEVIL WATERSPOUT","Dust Devil"
"DUST STORM","Dust Storm"
"DUST STORM/HIGH WINDS","Dust Storm"
"DUSTSTORM","Dust Storm"
"EARLY FREEZE","Winter Weather"
"EARLY FROST","Winter Weather"
"Early Frost","Winter Weather"
"EARLY RAIN","Heavy Rain"
"EARLY SNOW","Winter Weather"
"Early snowfall","Winter Weather"
"EARLY SNOWFALL","Winter Weather"
"Erosion/Cstl Flood","Coastal Flood"
"EXCESSIVE","NA"
"Excessive Cold","Extreme Cold/Wind Chill"
"EXCESSIVE HEAT","Excessive Heat"
"EXCESSIVE HEAT/DROUGHT","Excessive Heat"
"EXCESSIVE PRECIPITATION","Heavy Rain"
"EXCESSIVE RAIN","Heavy Rain"
"EXCESSIVE RAINFALL","Heavy Rain"
"EXCESSIVE SNOW","Heavy Snow"
"EXCESSIVE WETNESS","Heavy Rain"
"EXCESSIVELY DRY","Heat"
"Extended Cold","Extreme Cold/Wind Chill"
"EXTREME COLD","Extreme Cold/Wind Chill"
"Extreme Cold","Extreme Cold/Wind Chill"
"EXTREME COLD/WIND CHILL","Extreme Cold/Wind Chill"
"EXTREME HEAT","Excessive Heat"
"EXTREME WIND CHILL","Extreme Cold/Wind Chill"
"EXTREME WIND CHILL/BLOWING SNO","Extreme Cold/Wind Chill"
"EXTREME WIND CHILLS","Extreme Cold/Wind Chill"
"EXTREME WINDCHILL","Extreme Cold/Wind Chill"
"EXTREME WINDCHILL TEMPERATURES","Extreme Cold/Wind Chill"
"EXTREME/RECORD COLD","Extreme Cold/Wind Chill"
"EXTREMELY WET","Heavy Rain"
"FALLING SNOW/ICE","Winter Weather"
"FIRST FROST","Winter Weather"
"FIRST SNOW","Winter Weather"
"FLASH FLOOD","Flash Flood"
"FLASH FLOOD - HEAVY RAIN","Flash Flood"
"FLASH FLOOD FROM ICE JAMS","Flash Flood"
"FLASH FLOOD LANDSLIDES","Flash Flood"
"FLASH FLOOD WINDS","Flash Flood"
"FLASH FLOOD/","Flash Flood"
"FLASH FLOOD/ FLOOD","Flash Flood"
"FLASH FLOOD/ STREET","Flash Flood"
"FLASH FLOOD/FLOOD","Flash Flood"
"FLASH FLOOD/HEAVY RAIN","Flash Flood"
"FLASH FLOOD/LANDSLIDE","Flash Flood"
"FLASH FLOODING","Flash Flood"
"FLASH FLOODING/FLOOD","Flash Flood"
"FLASH FLOODING/THUNDERSTORM WI","Flash Flood"
"FLASH FLOODS","Flash Flood"
"FLASH FLOOODING","Flash Flood"
"FLOOD","Flood"
"Flood","Flood"
"FLOOD & HEAVY RAIN","Flood"
"FLOOD FLASH","Flash Flood"
"FLOOD FLOOD/FLASH","Flash Flood"
"FLOOD WATCH/","Flood"
"FLOOD/FLASH","Flash Flood"
"FLOOD/FLASH FLOOD","Flash Flood"
"Flood/Flash Flood","Flash Flood"
"FLOOD/FLASH FLOODING","Flash Flood"
"FLOOD/FLASH/FLOOD","Flash Flood"
"FLOOD/FLASHFLOOD","Flash Flood"
"FLOOD/RAIN/WIND","Flood"
"FLOOD/RAIN/WINDS","Flood"
"FLOOD/RIVER FLOOD","Flood"
"Flood/Strong Wind","Flood"
"FLOODING","Flood"
"FLOODING/HEAVY RAIN","Flood"
"FLOODS","Flood"
"FOG","Dense Fog"
"FOG AND COLD TEMPERATURES","Freezing Fog"
"FOREST FIRES","Wildfire"
"FREEZE","Frost/Freeze"
"Freeze","Frost/Freeze"
"FREEZING DRIZZLE","Frost/Freeze"
"Freezing Drizzle","Frost/Freeze"
"Freezing drizzle","Frost/Freeze"
"FREEZING DRIZZLE AND FREEZING","Frost/Freeze"
"Freezing Fog","Freezing Fog"
"FREEZING FOG","Freezing Fog"
"FREEZING RAIN","Winter Weather"
"Freezing Rain","Winter Weather"
"Freezing rain","Winter Weather"
"FREEZING RAIN AND SLEET","Winter Weather"
"FREEZING RAIN AND SNOW","Winter Weather"
"FREEZING RAIN SLEET AND","Winter Weather"
"FREEZING RAIN SLEET AND LIGHT","Winter Weather"
"FREEZING RAIN/SLEET","Winter Weather"
"FREEZING RAIN/SNOW","Winter Weather"
"Freezing Spray","Winter Weather"
"FROST","Frost/Freeze"
"Frost","Frost/Freeze"
"Frost/Freeze","Frost/Freeze"
"FROST/FREEZE","Frost/Freeze"
"FROST\FREEZE","Frost/Freeze"
"FUNNEL","Funnel Cloud"
"FUNNEL CLOUD","Funnel Cloud"
"Funnel Cloud","Funnel Cloud"
"FUNNEL CLOUD.","Funnel Cloud"
"FUNNEL CLOUD/HAIL","Funnel Cloud"
"FUNNEL CLOUDS","Funnel Cloud"
"FUNNELS","Funnel Cloud"
"GLAZE","Winter Weather"
"Glaze","Winter Weather"
"GLAZE ICE","Winter Weather"
"GLAZE/ICE STORM","Ice Storm"
"Gradient wind","High Wind"
"GRADIENT WIND","High Wind"
"gradient wind","High Wind"
"GRADIENT WINDS","High Wind"
"GRASS FIRES","Wildfire"
"GROUND BLIZZARD","Blizzard"
"GUSTNADO","Thunderstorm Wind"
"GUSTNADO AND","Thunderstorm Wind"
"GUSTY LAKE WIND","Thunderstorm Wind"
"GUSTY THUNDERSTORM WIND","Thunderstorm Wind"
"GUSTY THUNDERSTORM WINDS","Thunderstorm Wind"
"Gusty Wind","Thunderstorm Wind"
"GUSTY WIND","Thunderstorm Wind"
"GUSTY WIND/HAIL","Thunderstorm Wind"
"GUSTY WIND/HVY RAIN","Thunderstorm Wind"
"Gusty wind/rain","Thunderstorm Wind"
"GUSTY WINDS","Thunderstorm Wind"
"Gusty Winds","Thunderstorm Wind"
"Gusty winds","Thunderstorm Wind"
"HAIL","Hail"
"HAIL 0.75","Hail"
"HAIL 0.88","Hail"
"HAIL 075","Hail"
"HAIL 088","Hail"
"HAIL 1.00","Hail"
"HAIL 1.75","Hail"
"HAIL 1.75)","Hail"
"HAIL 100","Hail"
"HAIL 125","Hail"
"HAIL 150","Hail"
"HAIL 175","Hail"
"HAIL 200","Hail"
"HAIL 225","Hail"
"HAIL 275","Hail"
"HAIL 450","Hail"
"HAIL 75","Hail"
"HAIL 80","Hail"
"HAIL 88","Hail"
"HAIL ALOFT","Hail"
"HAIL DAMAGE","Hail"
"HAIL FLOODING","Hail"
"HAIL STORM","Hail"
"Hail(0.75)","Hail"
"HAIL/ICY ROADS","Hail"
"HAIL/WIND","Hail"
"HAIL/WINDS","Hail"
"HAILSTORM","Hail"
"HAILSTORMS","Hail"
"HARD FREEZE","Frost/Freeze"
"HAZARDOUS SURF","High Surf"
"HEAT","Heat"
"HEAT DROUGHT","Heat"
"HEAT WAVE","Heat"
"Heat Wave","Heat"
"HEAT WAVE DROUGHT","Heat"
"HEAT WAVES","Heat"
"HEAT/DROUGHT","Heat"
"Heatburst","Heat"
"HEAVY LAKE SNOW","Lake-Effect Snow"
"HEAVY MIX","Winter Weather"
"HEAVY PRECIPATATION","Heavy Rain"
"HEAVY PRECIPITATION","Heavy Rain"
"Heavy Precipitation","Heavy Rain"
"HEAVY RAIN","Heavy Rain"
"Heavy Rain","Heavy Rain"
"Heavy Rain","Heavy Rain"
"HEAVY RAIN AND FLOOD","Heavy Rain"
"Heavy Rain and Wind","Heavy Rain"
"HEAVY RAIN EFFECTS","Heavy Rain"
"HEAVY RAIN/FLOODING","Heavy Rain"
"Heavy Rain/High Surf","Heavy Rain"
"HEAVY RAIN/LIGHTNING","Heavy Rain"
"HEAVY RAIN/MUDSLIDES/FLOOD","Heavy Rain"
"HEAVY RAIN/SEVERE WEATHER","Heavy Rain"
"HEAVY RAIN/SMALL STREAM URBAN","Heavy Rain"
"HEAVY RAIN/SNOW","Heavy Rain"
"HEAVY RAIN/URBAN FLOOD","Heavy Rain"
"HEAVY RAIN/WIND","Heavy Rain"
"HEAVY RAIN; URBAN FLOOD WINDS;","Heavy Rain"
"HEAVY RAINFALL","Heavy Rain"
"HEAVY RAINS","Heavy Rain"
"HEAVY RAINS/FLOODING","Heavy Rain"
"HEAVY SEAS","Marine High Wind"
"HEAVY SHOWER","Heavy Rain"
"HEAVY SHOWERS","Heavy Rain"
"HEAVY SNOW","Heavy Snow"
"HEAVY SNOW   FREEZING RAIN","Heavy Snow"
"HEAVY SNOW & ICE","Heavy Snow"
"HEAVY SNOW AND","Heavy Snow"
"HEAVY SNOW AND HIGH WINDS","Heavy Snow"
"HEAVY SNOW AND ICE","Heavy Snow"
"HEAVY SNOW AND ICE STORM","Heavy Snow"
"HEAVY SNOW AND STRONG WINDS","Heavy Snow"
"HEAVY SNOW ANDBLOWING SNOW","Heavy Snow"
"Heavy snow shower","Heavy Snow"
"HEAVY SNOW SQUALLS","Heavy Snow"
"HEAVY SNOW/BLIZZARD","Heavy Snow"
"HEAVY SNOW/BLIZZARD/AVALANCHE","Heavy Snow"
"HEAVY SNOW/BLOWING SNOW","Heavy Snow"
"HEAVY SNOW/FREEZING RAIN","Heavy Snow"
"HEAVY SNOW/HIGH","Heavy Snow"
"HEAVY SNOW/HIGH WIND","Heavy Snow"
"HEAVY SNOW/HIGH WINDS","Heavy Snow"
"HEAVY SNOW/HIGH WINDS & FLOOD","Heavy Snow"
"HEAVY SNOW/HIGH WINDS/FREEZING","Heavy Snow"
"HEAVY SNOW/ICE","Heavy Snow"
"HEAVY SNOW/ICE STORM","Heavy Snow"
"HEAVY SNOW/SLEET","Heavy Snow"
"HEAVY SNOW/SQUALLS","Heavy Snow"
"HEAVY SNOW/WIND","Heavy Snow"
"HEAVY SNOW/WINTER STORM","Heavy Snow"
"HEAVY SNOWPACK","Heavy Snow"
"HEAVY SNOW-SQUALLS","Heavy Snow"
"HEAVY SURF","High Surf"
"Heavy Surf","High Surf"
"Heavy surf and wind","High Surf"
"HEAVY SURF COASTAL FLOODING","High Surf"
"HEAVY SURF/HIGH SURF","High Surf"
"HEAVY SWELLS","High Surf"
"HEAVY WET SNOW","Heavy Snow"
"HIGH","NA"
"HIGH  SWELLS","High Surf"
"HIGH  WINDS","High Wind"
"HIGH SEAS","High Surf"
"HIGH SURF","High Surf"
"High Surf","High Surf"
"HIGH SURF ADVISORIES","High Surf"
"HIGH SURF ADVISORY","High Surf"
"HIGH SWELLS","High Surf"
"HIGH TEMPERATURE RECORD","Heat"
"HIGH TIDES","Storm Surge/Tide"
"HIGH WATER","High Surf"
"HIGH WAVES","High Surf"
"HIGH WIND","High Wind"
"High Wind","High Wind"
"HIGH WIND (G40)","High Wind"
"HIGH WIND 48","High Wind"
"HIGH WIND 63","High Wind"
"HIGH WIND 70","High Wind"
"HIGH WIND AND HEAVY SNOW","High Wind"
"HIGH WIND AND HIGH TIDES","Storm Surge/Tide"
"HIGH WIND AND SEAS","High Wind"
"HIGH WIND DAMAGE","High Wind"
"HIGH WIND/ BLIZZARD","High Wind"
"HIGH WIND/BLIZZARD","High Wind"
"HIGH WIND/BLIZZARD/FREEZING RA","High Wind"
"HIGH WIND/HEAVY SNOW","High Wind"
"HIGH WIND/LOW WIND CHILL","High Wind"
"HIGH WIND/SEAS","High Wind"
"HIGH WIND/WIND CHILL","High Wind"
"HIGH WIND/WIND CHILL/BLIZZARD","High Wind"
"HIGH WINDS","High Wind"
"HIGH WINDS 55","High Wind"
"HIGH WINDS 57","High Wind"
"HIGH WINDS 58","High Wind"
"HIGH WINDS 63","High Wind"
"HIGH WINDS 66","High Wind"
"HIGH WINDS 67","High Wind"
"HIGH WINDS 73","High Wind"
"HIGH WINDS 76","High Wind"
"HIGH WINDS 80","High Wind"
"HIGH WINDS 82","High Wind"
"HIGH WINDS AND WIND CHILL","High Wind"
"HIGH WINDS DUST STORM","High Wind"
"HIGH WINDS HEAVY RAINS","High Wind"
"HIGH WINDS/","High Wind"
"HIGH WINDS/COASTAL FLOOD","High Wind"
"HIGH WINDS/COLD","High Wind"
"HIGH WINDS/FLOODING","High Wind"
"HIGH WINDS/HEAVY RAIN","High Wind"
"HIGH WINDS/SNOW","High Wind"
"HIGHWAY FLOODING","Flash Flood"
"Hot and Dry","Heat"
"HOT PATTERN","Heat"
"HOT SPELL","Heat"
"HOT WEATHER","Heat"
"HOT/DRY PATTERN","Heat"
"HURRICANE","Hurricane (Typhoon)"
"Hurricane Edouard","Hurricane (Typhoon)"
"HURRICANE EMILY","Hurricane (Typhoon)"
"HURRICANE ERIN","Hurricane (Typhoon)"
"HURRICANE FELIX","Hurricane (Typhoon)"
"HURRICANE GORDON","Hurricane (Typhoon)"
"HURRICANE OPAL","Hurricane (Typhoon)"
"HURRICANE OPAL/HIGH WINDS","Hurricane (Typhoon)"
"HURRICANE/TYPHOON","Hurricane (Typhoon)"
"HURRICANE-GENERATED SWELLS","Hurricane (Typhoon)"
"HVY RAIN","Heavy Rain"
"HYPERTHERMIA/EXPOSURE","Heat"
"HYPOTHERMIA","Cold/Wind Chill"
"Hypothermia/Exposure","Cold/Wind Chill"
"HYPOTHERMIA/EXPOSURE","Cold/Wind Chill"
"ICE","Winter Weather"
"ICE AND SNOW","Winter Weather"
"ICE FLOES","Winter Weather"
"Ice Fog","Freezing Fog"
"ICE JAM","Flash Flood"
"Ice jam flood (minor","Flash Flood"
"ICE JAM FLOODING","Flash Flood"
"ICE ON ROAD","Frost/Freeze"
"ICE PELLETS","Winter Weather"
"ICE ROADS","Frost/Freeze"
"ICE STORM","Ice Storm"
"ICE STORM AND SNOW","Ice Storm"
"ICE STORM/FLASH FLOOD","Ice Storm"
"ICE/SNOW","Ice Storm"
"Ice/Snow","Ice Storm"
"ICE/STRONG WINDS","Ice Storm"
"Icestorm/Blizzard","Blizzard"
"ICY ROADS","Frost/Freeze"
"Icy Roads","Frost/Freeze"
"LACK OF SNOW","NA"
"LAKE EFFECT SNOW","Lake-Effect Snow"
"Lake Effect Snow","Lake-Effect Snow"
"LAKE FLOOD","Lakeshore Flood"
"LAKE-EFFECT SNOW","Lake-Effect Snow"
"LAKESHORE FLOOD","Lakeshore Flood"
"LANDSLIDE","Debris Flow"
"LANDSLIDE/URBAN FLOOD","Debris Flow"
"LANDSLIDES","Debris Flow"
"Landslump","Debris Flow"
"LANDSLUMP","Debris Flow"
"LANDSPOUT","Debris Flow"
"LARGE WALL CLOUD","Funnel Cloud"
"LATE FREEZE","Frost/Freeze"
"LATE SEASON HAIL","Hail"
"LATE SEASON SNOW","Winter Weather"
"Late Season Snowfall","Winter Weather"
"LATE SNOW","Winter Weather"
"Late-season Snowfall","Winter Weather"
"LIGHT FREEZING RAIN","Winter Weather"
"LIGHT SNOW","Winter Weather"
"Light snow","Winter Weather"
"Light Snow","Winter Weather"
"LIGHT SNOW AND SLEET","Winter Weather"
"Light Snow/Flurries","Winter Weather"
"LIGHT SNOW/FREEZING PRECIP","Winter Weather"
"Light Snowfall","Winter Weather"
"LIGHTING","Lightning"
"LIGHTNING","Lightning"
"LIGHTNING  WAUSEON","Lightning"
"LIGHTNING AND HEAVY RAIN","Lightning"
"LIGHTNING AND THUNDERSTORM WIN","Lightning"
"LIGHTNING AND WINDS","Lightning"
"LIGHTNING DAMAGE","Lightning"
"LIGHTNING FIRE","Lightning"
"LIGHTNING INJURY","Lightning"
"LIGHTNING THUNDERSTORM WINDS","Lightning"
"LIGHTNING THUNDERSTORM WINDSS","Lightning"
"LIGHTNING.","Lightning"
"LIGHTNING/HEAVY RAIN","Lightning"
"LIGNTNING","Lightning"
"LOCAL FLASH FLOOD","Flash Flood"
"LOCAL FLOOD","Flood"
"LOCALLY HEAVY RAIN","Heavy Rain"
"LOW TEMPERATURE","Cold/Wind Chill"
"LOW TEMPERATURE RECORD","Cold/Wind Chill"
"LOW WIND CHILL","Cold/Wind Chill"
"MAJOR FLOOD","Flood"
"Marine Accident","NA"
"MARINE HAIL","Marine Hail"
"MARINE HIGH WIND","Marine High Wind"
"MARINE MISHAP","NA"
"MARINE STRONG WIND","Marine Strong Wind"
"MARINE THUNDERSTORM WIND","Marine Thunderstorm Wind"
"MARINE TSTM WIND","Marine Thunderstorm Wind"
"Metro Storm, May 26","Thunderstorm Wind"
"MICROBURST","Thunderstorm Wind"
"Microburst","Thunderstorm Wind"
"MICROBURST WINDS","Thunderstorm Wind"
"Mild and Dry Pattern","Heat"
"MILD PATTERN","NA"
"MILD/DRY PATTERN","Heat"
"MINOR FLOOD","Flood"
"MINOR FLOODING","Flood"
"Minor Flooding","Flood"
"MIXED PRECIP","Heavy Rain"
"Mixed Precipitation","Heavy Rain"
"MIXED PRECIPITATION","Heavy Rain"
"MODERATE SNOW","Winter Weather"
"MODERATE SNOWFALL","Winter Weather"
"MONTHLY PRECIPITATION","NA"
"Monthly Rainfall","NA"
"MONTHLY RAINFALL","NA"
"Monthly Snowfall","NA"
"MONTHLY SNOWFALL","NA"
"MONTHLY TEMPERATURE","NA"
"Mountain Snows","Winter Weather"
"MUD SLIDE","Debris Flow"
"MUD SLIDES","Debris Flow"
"MUD SLIDES URBAN FLOODING","Debris Flow"
"MUD/ROCK SLIDE","Debris Flow"
"MUDSLIDE","Debris Flow"
"Mudslide","Debris Flow"
"MUDSLIDE/LANDSLIDE","Debris Flow"
"MUDSLIDES","Debris Flow"
"Mudslides","Debris Flow"
"NEAR RECORD SNOW","Heavy Snow"
"No Severe Weather","NA"
"NON SEVERE HAIL","Hail"
"NON TSTM WIND","Thunderstorm Wind"
"NONE","NA"
"NON-SEVERE WIND DAMAGE","Thunderstorm Wind"
"NON-TSTM WIND","Thunderstorm Wind"
"NORMAL PRECIPITATION","NA"
"NORTHERN LIGHTS","NA"
"OTHER","NA"
"Other","NA"
"PATCHY DENSE FOG","Dense Fog"
"PATCHY ICE","Frost/Freeze"
"PROLONG COLD","Cold/Wind Chill"
"Prolong Cold","Cold/Wind Chill"
"PROLONG COLD/SNOW","Cold/Wind Chill"
"PROLONG WARMTH","Heat"
"PROLONGED RAIN","Heavy Rain"
"RAIN","Heavy Rain"
"RAIN (HEAVY)","Heavy Rain"
"RAIN AND WIND","Heavy Rain"
"Rain Damage","Heavy Rain"
"RAIN/SNOW","Heavy Rain"
"RAIN/WIND","Heavy Rain"
"RAINSTORM","Heavy Rain"
"RAPIDLY RISING WATER","Flash Flood"
"RECORD  COLD","Cold/Wind Chill"
"RECORD COLD","Cold/Wind Chill"
"Record Cold","Cold/Wind Chill"
"RECORD COLD AND HIGH WIND","Cold/Wind Chill"
"RECORD COLD/FROST","Cold/Wind Chill"
"RECORD COOL","Cold/Wind Chill"
"Record dry month","NA"
"RECORD DRYNESS","Heat"
"RECORD HEAT","Heat"
"Record Heat","Heat"
"RECORD HEAT WAVE","Heat"
"RECORD HIGH","Heat"
"Record High","Heat"
"RECORD HIGH TEMPERATURE","Heat"
"RECORD HIGH TEMPERATURES","Heat"
"RECORD LOW","Cold/Wind Chill"
"RECORD LOW RAINFALL","Drought"
"Record May Snow","Heavy Snow"
"RECORD PRECIPITATION","Heavy Rain"
"RECORD RAINFALL","Heavy Rain"
"RECORD SNOW","Heavy Snow"
"RECORD SNOW/COLD","Heavy Snow"
"RECORD SNOWFALL","Heavy Snow"
"Record temperature","Cold/Wind Chill"
"RECORD TEMPERATURE","Cold/Wind Chill"
"RECORD TEMPERATURES","Cold/Wind Chill"
"Record Temperatures","Cold/Wind Chill"
"RECORD WARM","Heat"
"RECORD WARM TEMPS.","Heat"
"RECORD WARMTH","Heat"
"Record Warmth","Heat"
"Record Winter Snow","Heavy Snow"
"RECORD/EXCESSIVE HEAT","Excessive Heat"
"RECORD/EXCESSIVE RAINFALL","Heavy Rain"
"RED FLAG CRITERIA","NA"
"RED FLAG FIRE WX","Wildfire"
"REMNANTS OF FLOYD","NA"
"RIP CURRENT","Rip Current"
"RIP CURRENTS","Rip Current"
"RIP CURRENTS HEAVY SURF","Rip Current"
"RIP CURRENTS/HEAVY SURF","Rip Current"
"RIVER AND STREAM FLOOD","Flood"
"RIVER FLOOD","Flood"
"RIVER FLOODING","Flood"
"River Flooding","Flood"
"ROCK SLIDE","Debris Flow"
"ROGUE WAVE","Storm Surge/Tide"
"ROTATING WALL CLOUD","Funnel Cloud"
"ROUGH SEAS","Storm Surge/Tide"
"ROUGH SURF","High Surf"
"RURAL FLOOD","Flood"
"SAHARAN DUST","Dust Storm"
"Saharan Dust","Dust Storm"
"Seasonal Snowfall","Winter Weather"
"SEICHE","Seiche"
"SEVERE COLD","Cold/Wind Chill"
"SEVERE THUNDERSTORM","Thunderstorm Wind"
"SEVERE THUNDERSTORM WINDS","Thunderstorm Wind"
"SEVERE THUNDERSTORMS","Thunderstorm Wind"
"SEVERE TURBULENCE","Strong Wind"
"SLEET","Sleet"
"SLEET & FREEZING RAIN","Winter Weather"
"SLEET STORM","Winter Storm"
"SLEET/FREEZING RAIN","Winter Weather"
"SLEET/ICE STORM","Ice Storm"
"SLEET/RAIN/SNOW","Winter Weather"
"SLEET/SNOW","Winter Weather"
"SMALL HAIL","Hail"
"small hail","Hail"
"Small Hail","Hail"
"SMALL STREAM","Flash Flood"
"SMALL STREAM AND","Flash Flood"
"SMALL STREAM AND URBAN FLOOD","Flash Flood"
"SMALL STREAM AND URBAN FLOODIN","Flash Flood"
"SMALL STREAM FLOOD","Flash Flood"
"SMALL STREAM FLOODING","Flash Flood"
"SMALL STREAM URBAN FLOOD","Flash Flood"
"SMALL STREAM/URBAN FLOOD","Flash Flood"
"Sml Stream Fld","Flash Flood"
"SMOKE","Dense Smoke"
"SNOW","Winter Weather"
"Snow","Winter Weather"
"SNOW ACCUMULATION","Winter Weather"
"Snow Accumulation","Winter Weather"
"SNOW ADVISORY","Winter Weather"
"SNOW AND COLD","Winter Weather"
"SNOW AND HEAVY SNOW","Winter Storm"
"SNOW AND ICE","Winter Storm"
"Snow and Ice","Winter Storm"
"SNOW AND ICE STORM","Winter Storm"
"Snow and sleet","Winter Weather"
"SNOW AND SLEET","Winter Weather"
"SNOW AND WIND","Winter Weather"
"SNOW DROUGHT","Winter Weather"
"SNOW FREEZING RAIN","Winter Weather"
"SNOW- HIGH WIND- WIND CHILL","Winter Storm"
"SNOW SHOWERS","Winter Weather"
"SNOW SLEET","Winter Weather"
"SNOW SQUALL","Winter Weather"
"SNOW SQUALLS","Winter Weather"
"Snow Squalls","Winter Weather"
"Snow squalls","Winter Weather"
"SNOW/ BITTER COLD","Winter Weather"
"SNOW/ ICE","Winter Weather"
"SNOW/BLOWING SNOW","Winter Storm"
"SNOW/COLD","Winter Weather"
"SNOW/FREEZING RAIN","Winter Weather"
"SNOW/HEAVY SNOW","Winter Storm"
"SNOW/HIGH WINDS","Winter Storm"
"SNOW/ICE","Winter Storm"
"SNOW/ICE STORM","Winter Storm"
"SNOW/RAIN","Winter Weather"
"SNOW/RAIN/SLEET","Winter Weather"
"SNOW/SLEET","Winter Weather"
"SNOW/SLEET/FREEZING RAIN","Winter Weather"
"SNOW/SLEET/RAIN","Winter Weather"
"SNOW\COLD","Winter Weather"
"SNOWFALL RECORD","Winter Weather"
"SNOWMELT FLOODING","Winter Storm"
"SNOWSTORM","Winter Storm"
"SOUTHEAST","NA"
"STORM FORCE WINDS","Thunderstorm Wind"
"STORM SURGE","Storm Surge/Tide"
"STORM SURGE/TIDE","Storm Surge/Tide"
"STREAM FLOODING","Flash Flood"
"STREET FLOOD","Flash Flood"
"STREET FLOODING","Flash Flood"
"STRONG WIND","Strong Wind"
"Strong Wind","Strong Wind"
"STRONG WIND GUST","Strong Wind"
"STRONG WINDS","Strong Wind"
"Strong Winds","Strong Wind"
"Strong winds","Strong Wind"
"Summary August 10","NA"
"Summary August 11","NA"
"Summary August 17","NA"
"Summary August 21","NA"
"Summary August 2-3","NA"
"Summary August 28","NA"
"Summary August 4","NA"
"Summary August 7","NA"
"Summary August 9","NA"
"Summary Jan 17","NA"
"Summary July 23-24","NA"
"Summary June 18-19","NA"
"Summary June 5-6","NA"
"Summary June 6","NA"
"Summary of April 12","NA"
"Summary of April 13","NA"
"Summary of April 21","NA"
"Summary of April 27","NA"
"Summary of April 3rd","NA"
"Summary of August 1","NA"
"Summary of July 11","NA"
"Summary of July 2","NA"
"Summary of July 22","NA"
"Summary of July 26","NA"
"Summary of July 29","NA"
"Summary of July 3","NA"
"Summary of June 10","NA"
"Summary of June 11","NA"
"Summary of June 12","NA"
"Summary of June 13","NA"
"Summary of June 15","NA"
"Summary of June 16","NA"
"Summary of June 18","NA"
"Summary of June 23","NA"
"Summary of June 24","NA"
"Summary of June 3","NA"
"Summary of June 30","NA"
"Summary of June 4","NA"
"Summary of June 6","NA"
"Summary of March 14","NA"
"Summary of March 23","NA"
"Summary of March 24","NA"
"SUMMARY OF MARCH 24-25","NA"
"SUMMARY OF MARCH 27","NA"
"SUMMARY OF MARCH 29","NA"
"Summary of May 10","NA"
"Summary of May 13","NA"
"Summary of May 14","NA"
"Summary of May 22","NA"
"Summary of May 22 am","NA"
"Summary of May 22 pm","NA"
"Summary of May 26 am","NA"
"Summary of May 26 pm","NA"
"Summary of May 31 am","NA"
"Summary of May 31 pm","NA"
"Summary of May 9-10","NA"
"Summary Sept. 25-26","NA"
"Summary September 20","NA"
"Summary September 23","NA"
"Summary September 3","NA"
"Summary September 4","NA"
"Summary: Nov. 16","NA"
"Summary: Nov. 6-7","NA"
"Summary: Oct. 20-21","NA"
"Summary: October 31","NA"
"Summary: Sept. 18","NA"
"Temperature record","Excessive Heat"
"THUDERSTORM WINDS","Thunderstorm Wind"
"THUNDEERSTORM WINDS","Thunderstorm Wind"
"THUNDERESTORM WINDS","Thunderstorm Wind"
"THUNDERSNOW","Thunderstorm Wind"
"Thundersnow shower","Thunderstorm Wind"
"THUNDERSTORM","Thunderstorm Wind"
"THUNDERSTORM  WINDS","Thunderstorm Wind"
"THUNDERSTORM DAMAGE","Thunderstorm Wind"
"THUNDERSTORM DAMAGE TO","Thunderstorm Wind"
"THUNDERSTORM HAIL","Thunderstorm Wind"
"THUNDERSTORM W INDS","Thunderstorm Wind"
"THUNDERSTORM WIND","Thunderstorm Wind"
"Thunderstorm Wind","Thunderstorm Wind"
"THUNDERSTORM WIND (G40)","Thunderstorm Wind"
"THUNDERSTORM WIND 50","Thunderstorm Wind"
"THUNDERSTORM WIND 52","Thunderstorm Wind"
"THUNDERSTORM WIND 56","Thunderstorm Wind"
"THUNDERSTORM WIND 59","Thunderstorm Wind"
"THUNDERSTORM WIND 59 MPH","Thunderstorm Wind"
"THUNDERSTORM WIND 59 MPH.","Thunderstorm Wind"
"THUNDERSTORM WIND 60 MPH","Thunderstorm Wind"
"THUNDERSTORM WIND 65 MPH","Thunderstorm Wind"
"THUNDERSTORM WIND 65MPH","Thunderstorm Wind"
"THUNDERSTORM WIND 69","Thunderstorm Wind"
"THUNDERSTORM WIND 98 MPH","Thunderstorm Wind"
"THUNDERSTORM WIND G50","Thunderstorm Wind"
"THUNDERSTORM WIND G51","Thunderstorm Wind"
"THUNDERSTORM WIND G52","Thunderstorm Wind"
"THUNDERSTORM WIND G55","Thunderstorm Wind"
"THUNDERSTORM WIND G60","Thunderstorm Wind"
"THUNDERSTORM WIND G61","Thunderstorm Wind"
"THUNDERSTORM WIND TREES","Thunderstorm Wind"
"THUNDERSTORM WIND.","Thunderstorm Wind"
"THUNDERSTORM WIND/ TREE","Thunderstorm Wind"
"THUNDERSTORM WIND/ TREES","Thunderstorm Wind"
"THUNDERSTORM WIND/AWNING","Thunderstorm Wind"
"THUNDERSTORM WIND/HAIL","Thunderstorm Wind"
"THUNDERSTORM WIND/LIGHTNING","Thunderstorm Wind"
"THUNDERSTORM WINDS","Thunderstorm Wind"
"THUNDERSTORM WINDS      LE CEN","Thunderstorm Wind"
"THUNDERSTORM WINDS 13","Thunderstorm Wind"
"THUNDERSTORM WINDS 2","Thunderstorm Wind"
"THUNDERSTORM WINDS 50","Thunderstorm Wind"
"THUNDERSTORM WINDS 52","Thunderstorm Wind"
"THUNDERSTORM WINDS 53","Thunderstorm Wind"
"THUNDERSTORM WINDS 60","Thunderstorm Wind"
"THUNDERSTORM WINDS 61","Thunderstorm Wind"
"THUNDERSTORM WINDS 62","Thunderstorm Wind"
"THUNDERSTORM WINDS 63 MPH","Thunderstorm Wind"
"THUNDERSTORM WINDS AND","Thunderstorm Wind"
"THUNDERSTORM WINDS FUNNEL CLOU","Thunderstorm Wind"
"THUNDERSTORM WINDS G","Thunderstorm Wind"
"THUNDERSTORM WINDS G60","Thunderstorm Wind"
"THUNDERSTORM WINDS HAIL","Thunderstorm Wind"
"THUNDERSTORM WINDS HEAVY RAIN","Thunderstorm Wind"
"THUNDERSTORM WINDS LIGHTNING","Thunderstorm Wind"
"THUNDERSTORM WINDS SMALL STREA","Thunderstorm Wind"
"THUNDERSTORM WINDS URBAN FLOOD","Thunderstorm Wind"
"THUNDERSTORM WINDS.","Thunderstorm Wind"
"THUNDERSTORM WINDS/ FLOOD","Thunderstorm Wind"
"THUNDERSTORM WINDS/ HAIL","Thunderstorm Wind"
"THUNDERSTORM WINDS/FLASH FLOOD","Thunderstorm Wind"
"THUNDERSTORM WINDS/FLOODING","Thunderstorm Wind"
"THUNDERSTORM WINDS/FUNNEL CLOU","Thunderstorm Wind"
"THUNDERSTORM WINDS/HAIL","Thunderstorm Wind"
"THUNDERSTORM WINDS/HEAVY RAIN","Thunderstorm Wind"
"THUNDERSTORM WINDS53","Thunderstorm Wind"
"THUNDERSTORM WINDSHAIL","Thunderstorm Wind"
"THUNDERSTORM WINDSS","Thunderstorm Wind"
"THUNDERSTORM WINS","Thunderstorm Wind"
"THUNDERSTORMS","Thunderstorm Wind"
"THUNDERSTORMS WIND","Thunderstorm Wind"
"THUNDERSTORMS WINDS","Thunderstorm Wind"
"THUNDERSTORMW","Thunderstorm Wind"
"THUNDERSTORMW 50","Thunderstorm Wind"
"THUNDERSTORMW WINDS","Thunderstorm Wind"
"THUNDERSTORMWINDS","Thunderstorm Wind"
"THUNDERSTROM WIND","Thunderstorm Wind"
"THUNDERSTROM WINDS","Thunderstorm Wind"
"THUNDERTORM WINDS","Thunderstorm Wind"
"THUNDERTSORM WIND","Thunderstorm Wind"
"THUNDESTORM WINDS","Thunderstorm Wind"
"THUNERSTORM WINDS","Thunderstorm Wind"
"TIDAL FLOOD","Storm Surge/Tide"
"Tidal Flooding","Storm Surge/Tide"
"TIDAL FLOODING","Storm Surge/Tide"
"TORNADO","Tornado"
"TORNADO DEBRIS","Tornado"
"TORNADO F0","Tornado"
"TORNADO F1","Tornado"
"TORNADO F2","Tornado"
"TORNADO F3","Tornado"
"TORNADO/WATERSPOUT","Tornado"
"TORNADOES","Tornado"
"TORNADOES, TSTM WIND, HAIL","Tornado"
"TORNADOS","Tornado"
"TORNDAO","Tornado"
"TORRENTIAL RAIN","Heavy Rain"
"Torrential Rainfall","Heavy Rain"
"TROPICAL DEPRESSION","Tropical Depression"
"TROPICAL STORM","Tropical Storm"
"TROPICAL STORM ALBERTO","Tropical Storm"
"TROPICAL STORM DEAN","Tropical Storm"
"TROPICAL STORM GORDON","Tropical Storm"
"TROPICAL STORM JERRY","Tropical Storm"
"TSTM","Heavy Rain"
"TSTM HEAVY RAIN","Heavy Rain"
"TSTM WIND","Thunderstorm Wind"
"Tstm Wind","Thunderstorm Wind"
"TSTM WIND  (G45)","Thunderstorm Wind"
"TSTM WIND (41)","Thunderstorm Wind"
"TSTM WIND (G35)","Thunderstorm Wind"
"TSTM WIND (G40)","Thunderstorm Wind"
"TSTM WIND (G45)","Thunderstorm Wind"
"TSTM WIND 40","Thunderstorm Wind"
"TSTM WIND 45","Thunderstorm Wind"
"TSTM WIND 50","Thunderstorm Wind"
"TSTM WIND 51","Thunderstorm Wind"
"TSTM WIND 52","Thunderstorm Wind"
"TSTM WIND 55","Thunderstorm Wind"
"TSTM WIND 65)","Thunderstorm Wind"
"TSTM WIND AND LIGHTNING","Thunderstorm Wind"
"TSTM WIND DAMAGE","Thunderstorm Wind"
"TSTM WIND G45","Thunderstorm Wind"
"TSTM WIND G58","Thunderstorm Wind"
"TSTM WIND/HAIL","Thunderstorm Wind"
"TSTM WINDS","Thunderstorm Wind"
"TSTM WND","Thunderstorm Wind"
"TSTMW","Thunderstorm Wind"
"TSUNAMI","Tsunami"
"TUNDERSTORM WIND","Thunderstorm Wind"
"TYPHOON","Hurricane (Typhoon)"
"Unseasonable Cold","Cold/Wind Chill"
"UNSEASONABLY COLD","Cold/Wind Chill"
"UNSEASONABLY COOL","Cold/Wind Chill"
"UNSEASONABLY COOL & WET","Cold/Wind Chill"
"UNSEASONABLY DRY","Heat"
"UNSEASONABLY HOT","Heat"
"UNSEASONABLY WARM","Heat"
"UNSEASONABLY WARM & WET","Heat"
"UNSEASONABLY WARM AND DRY","Heat"
"UNSEASONABLY WARM YEAR","NA"
"UNSEASONABLY WARM/WET","Heat"
"UNSEASONABLY WET","Heavy Rain"
"UNSEASONAL LOW TEMP","Cold/Wind Chill"
"UNSEASONAL RAIN","Heavy Rain"
"UNUSUAL WARMTH","Heat"
"UNUSUAL/RECORD WARMTH","Heat"
"UNUSUALLY COLD","Cold/Wind Chill"
"UNUSUALLY LATE SNOW","Cold/Wind Chill"
"UNUSUALLY WARM","Heat"
"URBAN AND SMALL","Flash Flood"
"URBAN AND SMALL STREAM","Flash Flood"
"URBAN AND SMALL STREAM FLOOD","Flash Flood"
"URBAN AND SMALL STREAM FLOODIN","Flash Flood"
"URBAN FLOOD","Flash Flood"
"Urban flood","Flash Flood"
"Urban Flood","Flash Flood"
"URBAN FLOOD LANDSLIDE","Flash Flood"
"URBAN FLOODING","Flash Flood"
"Urban Flooding","Flash Flood"
"URBAN FLOODS","Flash Flood"
"URBAN SMALL","Flash Flood"
"URBAN SMALL STREAM FLOOD","Flash Flood"
"URBAN/SMALL","Flash Flood"
"URBAN/SMALL FLOODING","Flash Flood"
"URBAN/SMALL STREAM","Flash Flood"
"URBAN/SMALL STREAM  FLOOD","Flash Flood"
"URBAN/SMALL STREAM FLOOD","Flash Flood"
"URBAN/SMALL STREAM FLOODING","Flash Flood"
"URBAN/SMALL STRM FLDG","Flash Flood"
"URBAN/SML STREAM FLD","Flash Flood"
"URBAN/SML STREAM FLDG","Flash Flood"
"URBAN/STREET FLOODING","Flash Flood"
"VERY DRY","Heat"
"VERY WARM","Heat"
"VOG","NA"
"Volcanic Ash","Volcanic Ash"
"VOLCANIC ASH","Volcanic Ash"
"Volcanic Ash Plume","Volcanic Ash"
"VOLCANIC ASHFALL","Volcanic Ash"
"VOLCANIC ERUPTION","Volcanic Ash"
"WAKE LOW WIND","Strong Wind"
"WALL CLOUD","Funnel Cloud"
"WALL CLOUD/FUNNEL CLOUD","Funnel Cloud"
"WARM DRY CONDITIONS","Heat"
"WARM WEATHER","Heat"
"WATER SPOUT","Waterspout"
"WATERSPOUT","Waterspout"
"WATERSPOUT-","Waterspout"
"WATERSPOUT FUNNEL CLOUD","Waterspout"
"WATERSPOUT TORNADO","Waterspout"
"WATERSPOUT/","Waterspout"
"WATERSPOUT/ TORNADO","Waterspout"
"WATERSPOUT/TORNADO","Waterspout"
"WATERSPOUTS","Waterspout"
"WATERSPOUT-TORNADO","Waterspout"
"WAYTERSPOUT","Waterspout"
"wet micoburst","Thunderstorm Wind"
"WET MICROBURST","Thunderstorm Wind"
"Wet Month","NA"
"WET SNOW","Winter Weather"
"WET WEATHER","Heavy Rain"
"Wet Year","NA"
"Whirlwind","Thunderstorm Wind"
"WHIRLWIND","Thunderstorm Wind"
"WILD FIRES","Wildfire"
"WILD/FOREST FIRE","Wildfire"
"WILD/FOREST FIRES","Wildfire"
"WILDFIRE","Wildfire"
"WILDFIRES","Wildfire"
"WIND","Strong Wind"
"Wind","Strong Wind"
"WIND ADVISORY","Strong Wind"
"WIND AND WAVE","Strong Wind"
"WIND CHILL","Cold/Wind Chill"
"WIND CHILL/HIGH WIND","Cold/Wind Chill"
"WIND DAMAGE","Strong Wind"
"Wind Damage","Strong Wind"
"WIND GUSTS","Strong Wind"
"WIND STORM","Thunderstorm Wind"
"WIND/HAIL","Hail"
"WINDS","Strong Wind"
"WINTER MIX","Winter Weather"
"WINTER STORM","Winter Storm"
"WINTER STORM HIGH WINDS","Winter Storm"
"WINTER STORM/HIGH WIND","Winter Storm"
"WINTER STORM/HIGH WINDS","Winter Storm"
"WINTER STORMS","Winter Storm"
"WINTER WEATHER","Winter Weather"
"Winter Weather","Winter Weather"
"WINTER WEATHER MIX","Winter Weather"
"WINTER WEATHER/MIX","Winter Weather"
"WINTERY MIX","Winter Weather"
"WINTRY MIX","Winter Weather"
"Wintry Mix","Winter Weather"
"Wintry mix","Winter Weather"
"WND","Strong Wind"
